ID,Name,PhotoUrl
905882674,Benjamin Gomez,https://randomuser.me/api/portraits/men/69.jpg
740095741,Catherine Kennedy,https://randomuser.me/api/portraits/women/67.jpg
363644487,Holly Chavez,https://randomuser.me/api/portraits/women/19.jpg
695483691,Kristin Morales,https://randomuser.me/api/portraits/women/40.jpg
384864045,Andrea Steward,https://randomuser.me/api/portraits/women/76.jpg
991113349,Willard Russell,https://randomuser.me/api/portraits/men/55.jpg
523437985,Jeanette Morgan,https://randomuser.me/api/portraits/women/95.jpg
164450070,Norman Holland,https://randomuser.me/api/portraits/men/17.jpg
191969000,Rita Lawson,https://randomuser.me/api/portraits/women/31.jpg
778196909,Sophia Hall,https://randomuser.me/api/portraits/women/15.jpg
